product_id,media_type,media_order,media_url,qa_status,generation_model,source_reference,qa_note,version,created_at,updated_at
"PRD-M-01","AI_MODEL_FRONT","1","","PASS","fashn/product-to-model","domeggook/67362799 og:image (reference only)","","2","2026-09-01T00:36:32Z","2026-09-01T00:36:32Z"
"PRD-M-01","AI_MODEL_45DEG","2","","PASS","fashn/edit","domeggook/67362799 og:image (reference only)","","2","2026-09-01T00:36:32Z","2026-09-01T00:36:32Z"
"PRD-M-01","AI_MODEL_90DEG","3","","PASS","fashn/edit","domeggook/67362799 og:image (reference only)","","2","2026-09-01T00:36:32Z","2026-09-01T00:36:32Z"
"PRD-M-01","AI_MODEL_BACK","4","","PASS","fashn/edit","domeggook/67362799 og:image (reference only)","","2","2026-09-01T00:36:32Z","2026-09-01T00:36:32Z"
"PRD-M-01","AI_PRODUCT_CUTOUT","5","","MEDIA_NEEDS_REVIEW","fashn/packshot","domeggook/67362799 og:image (reference only)","풀룩 마네킹형 렌더 — 모델 미포함 엄격 기준 충족 여부 대표님 판단 필요","2","2026-09-01T00:36:32Z","2026-09-01T00:36:32Z"
"PRD-M-01","AI_PRODUCT_REEL","6","","MEDIA_NEEDS_REVIEW","fashn/image-to-video","01_model_front.png 기반","정방형 추정 — 9:16 리사이즈 검증 필요","1","2026-09-01T00:36:32Z","2026-09-01T00:36:32Z"
"PRD-M-55","AI_MODEL_FRONT","1","https://drive.google.com/uc?export=view&id=1e-kp2ZLeOGn-Jh2bug9dc96UyGmV-aRl","MEDIA_QA_PASS","fashn/product-to-model","domeggook/64414862 og:image (reference only)","정면 풀샷(얼굴 상단 크롭이나 의류 풀샷 명확), 디자인 일치, 신규 렌더","1","2026-09-01T01:33:47Z","2026-09-01T01:33:47Z"
"PRD-M-55","AI_MODEL_45DEG","2","https://drive.google.com/uc?export=view&id=1wLjlNfbPec8wsop7vy58YBop6e9LA9e2","MEDIA_QA_PASS","fashn/edit","domeggook/64414862 og:image (reference only)","45도 풀샷(헤드투토우), 동일 상품","1","2026-09-01T01:33:47Z","2026-09-01T01:33:47Z"
"PRD-M-55","AI_MODEL_90DEG","3","https://drive.google.com/uc?export=view&id=13Dh27SmT84ALIju8a25lH-WwC_yBKWOG","MEDIA_QA_PASS","fashn/edit","domeggook/64414862 og:image (reference only)","90도 측면 풀샷, 옆선/기장 확인","1","2026-09-01T01:33:47Z","2026-09-01T01:33:47Z"
"PRD-M-55","AI_MODEL_BACK","4","https://drive.google.com/uc?export=view&id=107UprkblSeBExSFCfDxMFl4b2l4fFWFV","MEDIA_QA_PASS","fashn/edit","domeggook/64414862 og:image (reference only)","후면 풀샷, 등판/요크 정상","1","2026-09-01T01:33:47Z","2026-09-01T01:33:47Z"
"PRD-M-55","AI_PRODUCT_CUTOUT","5","https://drive.google.com/uc?export=view&id=1AARoIc4_OWyV5uN-Wt6mnrN_AGrA2IEt","MEDIA_QA_PASS","fashn/edit(ghost-mannequin)","domeggook/64414862 og:image (reference only)","고스트 마네킹 방식 — 신체/마네킹/타의류 전무, 셔츠 단독 순백배경 렌더","1","2026-09-01T01:33:47Z","2026-09-01T01:33:47Z"
"PRD-M-55","AI_PRODUCT_REEL","6","https://drive.google.com/uc?export=view&id=1h2fl8zaG_MgZSuj2Xd26f7GghbXLJ8B8","MEDIA_QA_PASS","fashn/image-to-video+ffmpeg 9:16","domeggook/64414862 og:image (reference only)","1080x1920 9:16, 블러배경+중앙 원본, 상품 중심 슬로우모션","1","2026-09-01T01:33:47Z","2026-09-01T01:33:47Z"
"PRD-M-55","AI_MODEL_FRONT","1","https://drive.google.com/uc?export=view&id=1aYRXm2Vs6_758OOhaWdKy9GKkWWKhnqQ","MEDIA_QA_PASS","fashn/product-to-model","domeggook/64414862 og:image (reference only)","job=6c032d31-cd65-4f9e-ae55-2cbbf90e48a6 | 정면 풀샷, 디자인 일치, 발끝 프레임 밖(head-to-toe 규격 시 재검토)","2","2026-09-03T00:30:00Z","2026-09-03T00:30:00Z"
"PRD-M-55","AI_MODEL_45DEG","2","https://drive.google.com/uc?export=view&id=17ywD_fM-NXZTGeHVdKwioq-yi6CfNV_r","MEDIA_QA_PASS","fashn/edit","domeggook/64414862 og:image (reference only)","job=f6ff899f-bc1a-4de8-8ce2-f93beb421c62 | 3/4뷰 실측 30-40도(approx 45 부합), 동일 모델/셔츠","2","2026-09-03T00:30:00Z","2026-09-03T00:30:00Z"
"PRD-M-55","AI_MODEL_90DEG","3","https://drive.google.com/uc?export=view&id=1qPamENlL31P0XC6s6DWtuGL64WSpOkxQ","MEDIA_QA_PASS","fashn/edit","domeggook/64414862 og:image (reference only)","job=9ff82d7b-25f1-4a30-add5-9f97baa233e2 | 90도 측면 프로파일, 실루엣/기장 확인","2","2026-09-03T00:30:00Z","2026-09-03T00:30:00Z"
"PRD-M-55","AI_MODEL_BACK","4","https://drive.google.com/uc?export=view&id=1-vOlyUCXEuKybckcrf3YwJz2lodfwu5Z","MEDIA_QA_PASS","fashn/edit","domeggook/64414862 og:image (reference only)","job=1c4c9b07-2b37-4711-8920-c2c7ad9c432e | 후면, 등판/요크 정상, 동일 모델","2","2026-09-03T00:30:00Z","2026-09-03T00:30:00Z"
"PRD-M-55","AI_PRODUCT_CUTOUT","5","https://drive.google.com/uc?export=view&id=15KABp60pLaaxg1vohS7mJbuLkT-cXXpM","MEDIA_QA_PASS","fashn/edit(ghost-mannequin)","domeggook/64414862 og:image (reference only)","job=e19ff398-684f-4f2a-abd0-c5852c25fd09 | B(AI regenerated ghost-mannequin), 렌더 미감 최종 승인 별도","2","2026-09-03T00:30:00Z","2026-09-03T00:30:00Z"
"PRD-M-55","AI_PRODUCT_REEL","6","https://drive.google.com/uc?export=view&id=1vEuto9GBNwb23u0WbuBZ7GNC5p3iOt7b","MEDIA_QA_PASS","fashn/image-to-video","domeggook/64414862 og:image (reference only)","job=ab391db1-0386-42a3-af75-e8e2ffc52212 | 1076x1924 9:16, 5.04초, morphing/scene 전환 없음","2","2026-09-03T00:30:00Z","2026-09-03T00:30:00Z"